Isolate,Ralstonia phage Rs551,Ralstonia phage RSM3,Unclassified B,Ralstonia phage RSS1,Ralstonia phage RSS30,Ralstonia phage RSS-TH1,Ralstonia phage PE226,Ralstonia phage phiRSA1,Ralstonia phage RsoM1USA,Ralstonia phage RSY1,Unclassified D,Ralstonia phage RS138,Unclassified G,Ralstonia phage Dina,Unclassified C,Unclassified H,Unclassified A,Unclassified F,Unclassified I,Unclassified J
YO097,1,0,0,0,0,0,0,0,0,0,0,0,0,0,0,0,1,0,0,0
YO096,1,0,0,0,0,0,0,0,0,0,0,0,0,0,0,0,1,0,0,0
YO183,1,0,0,0,0,0,0,0,0,0,0,0,0,0,0,0,1,0,0,0
YO002,1,0,0,0,0,0,0,0,0,0,0,0,0,0,0,0,1,0,0,0
YO146,1,0,0,0,0,0,0,0,0,0,0,0,0,0,0,0,1,0,0,0
YO004,1,0,0,0,0,0,0,0,0,0,0,0,0,0,0,0,1,0,0,0
YO129,1,0,0,0,0,0,0,0,0,0,0,0,0,0,0,0,1,0,0,0
YO165,1,0,0,0,0,0,0,0,0,0,0,0,0,0,0,0,1,0,0,0
YO185,1,0,0,0,0,0,0,0,0,0,0,0,0,0,0,0,1,0,0,0
YO184,1,0,0,0,0,0,0,0,0,0,0,0,0,0,0,0,1,0,0,0
YO019,1,0,0,0,0,0,0,0,0,0,0,0,0,0,0,0,1,0,0,0
YO017,1,0,0,0,0,0,0,0,0,0,0,0,0,0,0,0,1,0,0,0
YO013,1,0,0,0,0,0,0,0,0,0,0,0,0,0,0,0,1,0,0,0
YO132,1,0,0,0,0,0,0,0,0,0,0,0,0,0,0,0,1,0,0,0
YO086,1,0,0,0,0,0,0,0,0,0,0,0,0,0,0,0,1,0,0,0
YO087,1,0,0,0,0,0,0,0,0,0,0,0,0,0,0,0,1,0,0,0
YO044,1,0,0,0,0,0,0,0,0,0,0,0,0,0,0,0,1,0,0,0
YO045,1,0,0,0,0,0,0,0,0,0,0,0,0,0,0,0,1,0,0,0
YO123,1,0,0,0,0,0,0,0,0,0,0,0,0,0,0,0,1,0,0,0
YO072,1,0,0,0,0,0,0,0,0,0,0,0,0,0,0,0,1,0,0,0
YO073,1,0,0,0,0,0,0,0,0,0,0,0,0,0,0,0,1,0,0,0
YO069,1,0,0,0,0,0,0,0,0,0,0,0,0,0,0,0,1,0,0,0
YO070,1,0,0,0,0,0,0,0,0,0,0,0,0,0,0,0,1,0,0,0
YO359,1,0,0,0,0,0,0,0,0,0,0,0,0,0,0,0,1,0,0,0
YO352,1,0,0,0,0,0,0,0,0,0,0,0,0,0,0,0,1,0,0,0
YO068,1,0,0,0,0,0,0,0,0,0,0,0,0,0,0,0,1,0,0,0
YO060,1,0,0,0,0,0,0,0,0,0,0,0,0,0,0,0,1,0,0,0
YO063,1,0,0,0,0,0,0,0,0,0,0,0,0,0,0,0,1,0,0,0
YO181,1,0,0,0,0,0,0,0,0,0,0,0,0,0,0,0,1,0,0,0
YO170,1,0,0,0,0,0,0,0,0,0,0,0,0,0,0,0,1,0,0,0
YO171,1,0,0,0,0,0,0,0,0,0,0,0,0,0,0,0,1,0,0,0
YO065,1,0,0,0,0,0,0,0,0,0,0,0,0,0,0,0,1,0,0,0
YO053,1,0,0,0,0,0,0,0,0,0,0,0,0,0,0,0,1,0,0,0
YO121,1,0,0,0,0,0,0,0,0,0,0,0,0,0,0,0,1,0,0,0
YO115,1,0,0,0,0,0,0,0,0,0,0,0,0,0,0,0,1,0,0,0
YO114,1,0,0,0,0,0,0,0,0,0,0,0,0,0,0,0,1,0,0,0
YO113,1,0,0,0,0,0,0,0,0,0,0,0,0,0,0,0,1,0,0,0
YO116,1,0,0,0,0,0,0,0,0,0,0,0,0,0,0,0,1,0,0,0
YO112,1,0,0,0,0,0,0,0,0,0,0,0,0,0,0,0,1,0,0,0
YO117,1,0,0,0,0,0,0,0,0,0,0,0,0,0,0,0,1,0,0,0
YO054,1,0,0,0,0,0,0,0,0,0,0,0,0,0,0,0,1,0,0,0
YO052,1,0,0,0,0,0,0,0,0,0,0,0,0,0,0,0,1,0,0,0
YO166,1,0,0,0,0,0,0,0,0,0,0,0,0,0,0,0,1,0,0,0
YO357,1,0,0,0,0,0,0,0,0,0,0,0,0,0,0,0,1,0,0,0
YO356,1,0,0,0,0,0,0,0,0,0,0,0,0,0,0,0,1,0,0,0
YO046,1,0,0,0,0,0,0,0,0,0,0,0,0,0,0,0,1,0,0,0
YO050,1,0,0,0,0,0,0,0,0,0,0,0,0,0,0,0,1,0,0,0
YO380,1,0,0,0,0,0,0,0,0,0,0,0,0,0,0,0,1,0,0,0
YO143,1,0,0,0,0,0,0,0,0,0,0,0,0,0,0,0,1,0,0,0
YO127,1,0,0,0,0,0,0,0,0,0,0,0,0,0,0,0,1,0,0,0
YO048,1,0,0,0,0,0,0,0,0,0,0,0,0,0,0,0,1,0,0,0
YO125,1,0,0,0,0,0,0,0,0,0,0,0,0,0,0,0,1,0,0,0
YO126,1,0,0,0,0,0,0,0,0,0,0,0,0,0,0,0,1,0,0,0
YO162,0,0,0,0,0,0,0,0,0,0,0,0,0,0,0,0,1,0,0,0
YO180,0,0,0,0,0,0,0,0,0,0,0,0,0,0,0,0,1,0,0,0
YO010,1,1,0,0,0,0,0,0,0,0,0,0,0,0,0,0,1,0,0,0
YO176,1,0,0,0,0,0,0,0,0,0,0,0,0,0,0,0,1,0,0,0
YO174,1,0,0,0,0,0,0,0,0,0,0,0,0,0,0,0,1,0,0,0
YO093,1,0,0,0,0,0,0,0,0,0,0,0,0,0,0,0,1,0,0,0
YO094,1,0,0,0,0,0,0,0,0,0,0,0,0,0,0,0,1,0,0,0
YO091,1,0,0,0,0,0,0,0,0,0,0,0,0,0,0,0,1,0,0,0
YO095,1,0,0,0,0,0,0,0,0,0,0,0,0,0,0,0,1,0,0,0
YO175,0,0,0,0,0,0,0,0,0,0,0,0,0,0,0,0,1,0,0,0
YO090,1,0,0,0,0,0,0,0,0,0,0,0,0,0,0,0,1,0,0,0
YO177,1,0,0,0,0,0,0,0,0,0,0,0,0,0,0,0,1,0,0,0
YO148,1,0,0,0,0,0,0,0,0,0,0,0,0,0,0,0,1,0,0,0
YO147,1,0,0,0,0,0,0,0,0,0,0,0,0,0,0,0,1,0,0,0
YO011,1,0,0,0,0,0,0,0,0,0,0,0,0,0,0,0,1,0,0,0
YO008,1,0,0,0,0,0,0,0,0,0,0,0,0,0,0,0,1,0,0,0
YO120,1,0,0,0,0,0,0,0,0,0,0,0,0,0,0,0,1,0,0,0
YO173,1,0,0,0,0,0,0,0,0,0,0,0,0,0,0,0,1,0,0,0
YO047,1,0,0,0,0,0,0,0,0,0,0,0,0,0,0,0,1,0,0,0
YO051,1,0,0,0,0,0,0,0,0,0,0,0,0,0,0,0,1,0,0,0
YO062,1,0,0,0,0,0,0,0,0,0,0,0,0,0,0,0,1,0,0,0
YO064,1,0,0,0,0,0,0,0,0,0,0,0,0,0,0,0,1,0,0,0
YO199,1,0,0,0,0,0,0,0,0,0,0,0,0,0,0,0,1,0,0,0
YO085,1,0,0,0,0,0,0,0,0,0,0,0,0,0,0,0,1,0,0,0
YO167,1,0,0,0,0,0,0,0,0,0,0,0,0,0,0,0,1,0,0,0
YO071,1,0,0,0,0,0,0,0,0,0,0,0,0,0,0,0,1,0,0,0
YO204,1,0,0,0,0,0,0,0,0,0,0,0,0,0,0,0,1,0,0,0
YO012,0,0,0,0,0,0,0,0,0,0,0,0,0,0,0,0,1,0,0,0
YO144,1,0,0,0,0,0,0,0,0,0,0,0,0,0,0,0,1,0,0,0
YO092,1,0,0,0,0,0,0,0,0,0,0,0,0,0,0,0,1,0,0,0
YO031,0,0,0,0,0,0,0,0,0,0,0,0,0,0,0,0,0,0,0,0
YO022,0,0,0,0,0,0,0,0,0,0,0,0,0,0,0,0,0,0,0,0
YO158,0,0,0,0,0,0,0,0,0,0,0,0,0,0,1,0,0,0,0,0
YO153,0,0,0,0,0,0,0,0,0,0,0,0,0,0,0,0,0,0,0,0
YO026,0,0,1,0,0,0,0,0,0,0,0,0,0,0,0,0,0,0,0,0
YO152,0,0,0,0,0,0,0,1,0,0,0,0,0,0,0,0,0,0,0,0
YO160,0,0,0,0,0,0,0,0,0,0,1,0,0,0,1,0,0,0,0,0
YO159,0,0,0,0,0,0,0,0,1,0,0,0,0,0,1,0,0,0,0,0
YO036,0,0,0,0,0,0,0,0,1,0,0,0,0,0,1,0,0,0,0,0
YO035,0,0,0,0,0,0,0,0,0,0,1,0,0,0,1,0,0,0,0,0
YO089,0,0,0,0,0,0,0,0,1,0,0,0,0,0,1,0,0,0,0,0
YO157,0,0,0,0,0,0,0,0,0,0,0,0,0,0,0,0,0,0,0,0
YO032,0,0,0,0,0,0,0,0,1,0,0,0,0,0,0,0,0,0,0,0
YO111,0,0,0,0,0,0,0,0,0,0,0,0,0,0,0,0,0,0,0,0
YO043,0,0,0,0,0,0,0,0,0,0,0,0,0,0,0,0,0,0,0,0
YO142,0,0,0,0,0,0,0,0,0,0,0,0,0,0,0,0,0,0,0,0
YO039,0,0,0,0,0,0,0,0,0,0,0,0,0,0,0,0,0,0,0,0
YO016,0,0,0,0,0,0,0,0,0,0,0,0,0,0,1,0,0,0,0,0
YO015,0,0,0,0,0,0,0,0,0,0,0,0,0,0,1,0,0,0,0,0
YO077,0,0,0,0,0,0,0,0,1,0,0,0,0,0,0,0,0,0,0,0
YO134,0,0,0,0,0,0,0,0,1,0,0,0,0,1,0,0,0,0,0,0
YO041,0,0,0,0,0,0,0,0,0,0,0,0,0,0,1,0,0,0,0,0
YO088,0,0,0,0,0,0,0,0,0,0,0,1,0,0,0,0,0,0,0,0
YO098,0,0,0,0,0,0,0,0,0,0,0,1,0,0,0,0,0,0,0,0
YO381,0,0,0,0,0,0,0,0,0,0,0,1,0,0,0,0,0,0,0,0
YO189,0,0,0,0,0,0,0,0,0,0,0,0,0,0,0,0,0,0,0,0
YO014,0,0,0,0,0,0,0,0,0,0,0,0,0,0,0,0,0,0,0,0
YO033,0,0,0,0,0,0,0,0,0,0,0,0,0,0,1,0,1,0,0,0
YO190,0,0,0,0,0,0,0,0,0,0,0,0,0,1,0,0,0,0,0,0
YO192,0,0,0,0,0,0,0,0,0,0,0,0,0,1,0,0,0,0,0,0
YO168,0,0,0,0,0,0,0,0,0,0,0,0,0,1,0,0,0,0,0,0
YO188,0,0,0,0,0,0,0,0,1,0,0,0,0,0,0,0,0,0,0,0
YO169,0,0,0,0,0,0,0,0,0,0,0,0,0,1,0,0,0,0,0,0
YO374,0,0,0,0,0,0,0,0,1,0,0,0,0,1,0,0,0,0,0,1
YO372,0,0,0,0,0,0,0,0,0,0,0,0,0,0,0,0,0,0,0,0
YO021,0,0,0,0,0,0,0,0,0,0,0,0,0,1,0,0,0,0,0,0
YO018,0,0,0,0,0,0,0,0,0,0,0,0,0,1,0,0,0,0,0,0
YO191,0,0,0,0,0,0,0,0,0,0,0,0,0,1,0,0,0,0,0,0
YO020,0,0,0,0,0,0,0,0,0,0,0,0,0,1,0,0,0,0,0,0
YO156,0,0,0,0,0,0,0,0,0,0,0,0,0,1,0,0,0,0,0,0
YO080,0,0,0,0,0,0,0,0,0,0,0,0,0,1,0,0,0,0,0,0
YO007,0,0,0,0,0,0,0,0,0,0,0,0,0,1,0,0,0,0,0,0
YO149,0,0,0,0,0,0,0,0,0,0,0,0,0,1,0,0,0,0,0,0
YO151,0,0,0,0,0,0,0,0,0,0,0,0,0,1,0,0,0,0,0,0
YO005,0,0,0,0,0,0,0,0,0,0,0,0,0,1,0,0,0,0,0,0
YO075,0,0,0,0,0,0,0,0,0,0,0,0,0,1,0,0,0,0,0,0
YO155,0,0,0,0,0,0,0,0,0,0,1,0,0,0,0,0,0,0,0,0
YO034,0,0,0,0,0,0,0,0,0,0,1,0,0,0,0,0,0,0,0,0
YO038,0,0,0,0,0,0,0,0,0,0,1,0,0,0,0,0,0,0,0,0
YO037,0,0,0,0,0,0,0,0,0,0,1,0,0,0,0,0,0,0,0,0
YO042,0,0,0,0,0,0,0,0,0,0,0,0,0,0,0,0,0,0,0,0
YO150,0,0,0,0,0,0,0,2,0,0,0,0,0,0,0,0,0,0,0,0
YO130,0,0,0,0,0,0,0,0,0,0,0,0,0,0,0,0,0,0,0,0
YO009,0,1,0,0,0,0,0,1,0,0,0,0,0,1,0,0,0,0,0,0
YO133,0,0,0,0,0,0,0,0,0,0,0,0,0,0,0,0,0,0,0,0
YO101,0,0,0,0,0,0,0,1,0,0,0,0,0,1,0,0,0,0,0,0
YO028,0,0,0,0,0,0,0,0,0,0,0,0,0,1,0,0,0,0,0,0
YO187,0,0,0,0,0,1,0,0,0,0,0,0,0,1,0,0,0,1,0,0
YO027,0,0,0,0,0,0,0,0,0,1,0,0,0,0,0,0,0,0,0,0
YO074,0,0,0,0,0,0,0,0,0,1,0,0,0,0,0,0,0,0,0,0
YO154,0,1,0,0,1,0,0,0,0,0,0,0,0,0,0,0,0,0,0,0
YO140,0,0,0,0,0,0,0,1,0,0,0,0,0,1,0,0,0,0,0,0
YO137,0,0,0,0,0,0,0,1,0,0,0,0,0,1,0,0,0,0,0,0
YO136,0,0,0,0,0,0,0,1,0,0,0,0,0,1,0,0,0,0,0,0
YO138,0,0,0,0,0,0,0,1,0,0,0,0,0,1,0,0,0,0,0,0
YO141,0,0,0,0,0,0,0,1,0,0,0,0,0,1,0,0,0,0,0,0
YO139,0,0,0,0,0,0,0,1,0,0,0,0,0,1,0,0,0,0,0,0
YO124,0,0,0,0,0,0,0,1,0,0,0,0,0,1,0,0,0,0,0,0
YO079,0,1,0,0,0,0,0,1,0,0,0,0,0,1,0,0,0,0,0,0
YO163,0,1,0,0,0,0,0,1,0,0,0,0,0,1,0,0,0,0,1,0
YO164,0,1,0,0,0,0,0,1,0,0,0,0,0,1,0,0,0,0,1,0
YO122,0,0,0,0,0,0,0,1,0,0,0,0,0,1,1,0,0,0,0,0
YO178,0,0,0,0,0,0,0,1,0,0,0,0,0,1,1,0,0,0,0,0
YO194,0,0,0,0,0,0,0,1,0,0,0,0,0,1,1,0,0,0,0,0
YO135,0,0,0,0,0,0,0,1,0,0,0,0,0,1,1,0,0,0,0,0
YO182,0,0,0,0,0,1,0,0,0,0,0,0,0,0,0,0,0,0,0,0
YO161,0,0,0,1,0,0,0,1,0,0,0,0,0,0,0,0,0,0,0,0
YO131,0,0,0,1,0,0,0,0,0,0,0,0,0,0,0,0,0,0,0,0
YO040,0,0,0,1,0,0,0,1,0,0,0,0,0,0,0,0,0,0,0,0
YO378,0,0,0,1,0,0,0,1,0,0,0,0,0,0,0,0,0,0,0,0
YO023,0,0,0,0,0,0,0,1,0,0,0,0,0,0,0,0,0,0,0,0
YO379,0,0,0,0,0,0,0,0,0,0,0,0,0,0,0,0,0,0,0,0
YO029,0,0,0,0,0,0,1,1,0,0,0,0,0,1,0,0,0,0,0,0
YO006,0,0,0,0,0,0,1,1,0,0,0,0,0,0,0,0,0,0,0,0
YO084,0,0,0,0,1,0,1,0,0,0,0,0,1,0,0,0,0,0,0,0
YO375,0,0,0,0,1,0,0,0,0,0,1,0,0,0,0,1,0,0,0,0
YO376,0,0,0,0,0,0,0,0,0,1,0,0,0,0,0,0,0,0,0,0
YO024,0,0,0,0,0,0,0,0,0,0,0,0,0,0,0,0,0,0,0,0
YO030,0,0,0,0,0,0,0,0,0,0,0,0,0,0,0,0,0,0,0,0
YO003,0,0,0,0,1,0,0,0,0,0,0,0,0,0,0,0,0,0,0,0
YO025,0,0,0,0,0,0,0,0,0,0,0,0,0,0,0,0,0,0,0,0
YO383,0,0,0,0,0,0,0,0,0,0,0,0,0,0,1,0,0,1,0,0
YO382,0,0,0,0,0,0,0,0,0,0,0,0,0,0,1,0,1,0,0,0
YO384,0,0,0,0,0,0,0,0,0,0,0,0,0,0,0,0,1,0,0,0
YO076,0,0,0,0,0,0,0,0,0,0,0,0,0,0,0,0,0,0,0,0
YO001,0,0,0,0,0,0,0,0,0,0,0,0,0,0,0,0,0,0,0,0
YO128,0,0,0,0,0,0,0,0,0,0,0,0,0,0,0,0,1,0,0,0
YO145,0,0,0,0,0,0,0,0,0,0,0,0,0,0,0,0,0,0,0,0
YO082,0,0,0,0,0,0,0,0,0,0,0,0,0,0,1,0,0,0,0,0
YO102,0,0,0,0,0,0,0,0,0,0,0,0,0,1,0,0,1,1,0,0
YO106,0,0,0,0,0,0,0,0,0,0,0,0,0,1,0,0,1,1,0,0
YO103,0,0,0,0,0,0,0,0,0,0,0,0,0,1,0,1,1,1,0,0
YO104,0,0,0,0,0,0,0,0,0,0,0,0,0,1,0,0,0,0,0,0
YO105,0,0,0,0,0,0,0,0,0,0,0,0,0,1,1,0,0,0,0,0
YO107,0,0,0,0,0,0,0,0,0,0,0,0,0,1,0,0,1,0,0,0
YO108,0,0,0,0,0,0,0,0,0,0,0,0,0,0,0,0,0,1,0,1
YO109,0,0,0,0,0,0,0,0,0,0,0,0,0,0,0,0,0,0,0,0
YO100,0,0,0,0,0,0,0,0,0,0,0,0,0,0,0,0,0,0,0,0
YO110,0,0,0,0,0,0,0,0,0,0,0,0,0,0,0,0,0,0,0,0
